2,Hello,Tao,good bye,2021-05-01/21:41:38.068,
3,Hello,Tao,good afternoon,2021-05-01/21:41:39.068,Jake,He is handsome,2021-05-01/21:45:39.068,2021-05-01/21:49:39.068,
1,EEE,hello,EEE@@EEE,2021-05-01/20:24:22.389,
1,ONE,hello,,2021-05-01/21:41:38.068,
1,Enter Title Here,tao,Enter Post Here,2021-05-02/01:53:23.781,Jake,He is handsome,2021-05-01/21:45:39.068,2021-05-01/21:49:39.068,
1,Enter Title Here,tao,Enter Post Here,2021-05-02/01:53:24.747,
1,Enter Title Here,tao,Enter Post Here,2021-05-02/01:53:25.428,Jake,He is handsome,2021-05-01/21:45:39.068,2021-05-01/21:49:39.068,
1,Enter Title Here,tao,Enter Post Here,2021-05-02/01:53:25.866,
1,Enter Title Here,tao,Enter Post Here,2021-05-02/01:53:26.854,
1,Enter Title Here,tao,Enter Post Here,2021-05-02/01:53:27.303,
